{
  "images" : [
    {
      "idiom" : "universal",
      "scale" : "1x",
      "filename" : "Default-Portrait.png"
    },
    {
      "idiom" : "universal",
      "scale" : "2x",
      "filename" : "Default-Portrait@2x.png"
    },
    {
      "idiom" : "universal",
      "scale" : "3x"
    },
    {
      "idiom" : "universal",
      "filename" : "Default-Portrait-736h@3x.png",
      "unassigned" : true,
      "subtype" : "736h",
      "scale" : "3x"
    }
  ],
  "info" : {
    "version" : 1,
    "author" : "xcode"
  }
}